﻿{"cameraMode":{"drawMode":0,"name":"Shaded","section":"Shading Mode"},"sceneLighting":true,"audioPlay":false,"sceneViewState":{"showFog":true,"showMaterialUpdate":true,"showSkybox":true,"showFlares":true,"showImageEffects":true,"showParticleSystems":true},"in2DMode":false,"pivot":{"x":-2.967149257659912,"y":-1.8559088706970215,"z":-0.5120093822479248},"rotation":{"x":0.4761759042739868,"y":-0.475278377532959,"z":0.3460943400859833,"w":0.653913676738739},"size":17.61446189880371,"orthographic":false}